"product_name","product_id","product_sales","product_quantity","product_gp","gp_percentage"
"Navarretia intertexta (Benth.) Hook. ssp. intertexta",2565,"9332.35","27.44","6532.645","70.00"
"Leucanthemum vulgare Lam.",2599,"13475.01","708.70","9405.557","69.80"
"Glandularia chiricahensis Umber",2182,"10621.91","515.84","7286.630","68.60"
"Polygala penaea L.",2222,"19327.17","916.45","13219.784","68.40"
"Plagiobothrys fulvus (Hook. & Arn.) I.M. Johnst. var. campestris (Greene) I.M. Johnst.",2342,"13677.44","396.44","9355.369","68.40"
"Macleaya R. Br.",2515,"11034.18","612.80","7414.969","67.20"
"Salix planifolia Pursh",2249,"7325.93","619.59","4915.699","67.10"
"Solidago ulmifolia Muhl. ex Willd.",2297,"9361.97","37.07","6253.796","66.80"
"Phalaris minor Retz.",2501,"16326.93","55.79","10906.389","66.80"
"Githopsis tenella Morin",2885,"19443.87","662.69","12949.617","66.60"
"Adiantum fragile Sw. var. fragile",2337,"8870.04","420.12","5907.447","66.60"
"Satureja L.",2743,"13636.27","337.94","9013.574","66.10"
"Korthalsella remyana v. Tiegh.",2106,"13174.08","199.46","8642.196","65.60"
"Hieracium glomeratum Froel. Xx",26761,"11003.45","977.47","7207.260","65.50"
"Ocotea foeniculacea Mez",2095,"51095.83","895.32","33340.972","65.25"
"Thelidium minimum (A. Massal. ex K√∂rb.) Arnold",2862,"9256.14","370.04","6035.003","65.20"
"Chionanthus holdridgei (Camp & Monachino) Stearn",2432,"15305.70","331.25","9872.176","64.50"
"Erigeron eatonii A. Gray var. eatonii",2283,"33830.81","1721.16","21720.254","64.20"
"Acacia notabilis F. Muell.",2579,"13395.30","719.33","8586.387","64.10"
"Packera quercetorum (Greene) C. Jeffrey",2582,"7080.06","653.43","4538.318","64.10"
"Hieracium √óbrachiatum Bethel. ex DC.",2409,"18105.85","54.00","11587.744","64.00"
"Borrichia arborescens (L.) DC.",2878,"13125.30","864.20","8387.067","63.90"
"Symphyotrichum eulae (Shinners) G.L. Nesom",2857,"27705.08","1256.35","17697.446","63.88"
"Lipochaeta remyi A. Gray",2030,"40995.51","1364.86","26045.257","63.53"
"Alocasia cucullata (Lour.) G. Don",2178,"16782.96","907.11","10657.180","63.50"
"Desmanthus illinoensis (Michx.) MacMill. ex B.L. Rob. & Fernald",2443,"18243.98","918.88","11558.624","63.36"
"Echinocereus √óroetteri (Englem.) Rumpler  √óroetteri ",2716,"25914.23","1118.27","16396.332","63.27"
"Pennisetum polystachion (L.) Schult.",2539,"13485.00","531.25","8522.520","63.20"
"Chamaerops L.",2307,"15105.00","207.73","9531.255","63.10"
"Paspalidium chapmanii (Vasey) Pohl",2171,"10979.25","113.69","6927.907","63.10"
"Centaurea bovina Velen.",2620,"19748.15","230.26","12421.586","62.90"
"Viola tomentosa M.S. Baker & J.C. Clausen",2310,"5143.18","518.87","3214.487","62.50"
"Caloplaca tiroliensis Zahlbr.",2589,"13437.14","315.72","8344.464","62.10"
"Ruellia drushelii Tharp & F.A. Barkley",2268,"16529.24","553.42","10248.129","62.00"
"Penstemon davidsonii Greene var. menziesii (D.D. Keck) Cronquist Asia",25301,"9226.63","854.15","5720.511","62.00"
"Salix chlorolepis Fernald",2376,"31152.24","279.42","19237.363","61.75"
"Eucalyptus sideroxylon A. Cunn. ex Woolls",2683,"10537.12","796.02","6501.403","61.70"
"Hypericum harperi R. Keller",2762,"15544.75","804.38","9528.932","61.30"
"Eriogonum umbellatum Torr. var. hausknechtii (Dammer) M.E. Jones",2407,"39291.64","1178.29","24016.641","61.12"
"Collinsia callosa Parish",2246,"5511.89","588.52","3362.253","61.00"
"Centaurea stoebe L. ssp. micranthos (Gugler) Hayek",2828,"10528.43","591.04","6411.814","60.90"
"Paronychia baldwinii (Torr. & A. Gray) Fenzl ex Walp. ssp. baldwinii",2063,"21864.58","904.21","13301.730","60.84"
"Parmotrema ultralucens (Krog) Hale",2613,"19575.64","553.63","11881.361","60.69"
"Melanelia olivacea (L.) Eassl.",2529,"13698.22","724.25","8287.423","60.50"
"Buxbaumia aphylla Hedw.",2131,"13240.03","903.99","8010.218","60.50"
"Acarospora aeruginosa Hasse",2219,"18686.98","993.00","11221.746","60.05"
"Chamaesyce parryi (Engelm.) Rydb.",2618,"31758.14","1469.58","19072.322","60.05"
"Cyrtandra sessilis H. St. John & Storey",2952,"12237.38","743.89","7342.428","60.00"
"Candelariella efflorescens R.C. Harris & W.R. Buck",2289,"17266.99","51.29","10342.927","59.90"
"Deeringothamnus pulchellus Small",2727,"46270.62","1603.52","27667.107","59.79"
"Opuntia engelmannii Salm-Dyck ex Engelm. var. lindheimeri (Engelm.) Parfitt & Pinkava",2860,"37428.14","1795.63","22210.715","59.34"
"Argusia sibirica (L.) Dandy",2774,"28892.16","917.61","17126.218","59.28"
"Viola √óbissellii House",2439,"45429.95","1143.84","26927.362","59.27"
"Abelmoschus moschatus Medik.",2558,"36230.32","1162.66","21437.172","59.17"
"Carex buxbaumii Wahlenb.",2130,"34455.11","2487.45","20326.518","58.99"
"Platonia esculenta (Arruda) Rickett & Stafleu",2061,"10100.07","24.66","5938.841","58.80"
"Ranunculus sceleratus L. var. multifidus Nutt.",2231,"19640.66","1064.78","11517.928","58.64"
"Melicope reflexa (H. St. John) T.G. Hartley & B.C. Stone",2482,"9314.35","168.00","5458.209","58.60"
"Astragalus lentiginosus Douglas ex Hook. var. wilsonii (Greene) Barneby",2950,"40271.83","2044.16","23523.368","58.41"
"Dichanthelium dichotomum (L.) Gould var. breve (Hitchc. & Chase) Gould & C.A. Clark",2235,"24301.75","1775.86","14178.344","58.34"
"Erigeron uniflorus L. ssp. eriocephalus (J. Vahl) Cronquist",2585,"26117.10","1909.85","15234.577","58.33"
"Eustachys paspaloides (Vahl) Lanza & Mattei ssp. caribaea (Spreng.) Nowack",2153,"31096.91","1750.22","18110.249","58.24"
"Stellaria media (L.) Vill. ssp. neglecta (Weihe) Murb.",2205,"27319.84","1587.45","15898.942","58.20"
"Euphrasia tetraquetra (Br√©biss.) Arrond.",2525,"18098.03","252.57","10514.955","58.10"
"Nothoscordum texanum M.E. Jones",2859,"54288.49","2307.31","31501.680","58.03"
"Astragalus flavus Nutt.",2977,"41799.57","1359.02","24233.291","57.97"
"Carex serpenticola P. Zika",2756,"30750.25","472.57","17827.063","57.97"
"Crepis nana Richardson ssp. nana",2272,"42050.36","1624.03","24356.045","57.92"
"Bunchosia glandulifera (Jacq.) Kunth",2132,"32022.14","829.42","18514.796","57.82"
"Usnea stuppea (Rasanen) Mot.",2075,"45280.08","2977.31","26178.247","57.81"
"Pteroglossaspis ecristata (Fernald) Rolfe",2346,"32261.65","1228.71","18645.082","57.79"
"Elymus pendulina (Nevski) Tzvel.",2948,"27987.78","826.89","16142.383","57.68"
"Viburnum nudum L. var. nudum",2652,"33809.98","271.33","19454.980","57.54"
"Eucalyptus nitida Hook. f.",2800,"12068.70","1060.99","6937.761","57.49"
"Wedelia acapulcensis Kunth var. hispida (Kunth) Strother",2398,"35009.77","853.13","20128.428","57.49"
"Nechamandra alternifolia (Roxb.) Thw.",2563,"18764.75","184.67","10770.966","57.40"
"Cliftonia Banks ex C.F. Gaertn.",2194,"8381.46","695.86","4810.958","57.40"
"Lithospermum obtusifolium I.M. Johnst.",2726,"49021.68","774.26","28049.985","57.22"
"Sphenopholis Scribn.",2921,"15824.79","419.71","9004.306","56.90"
"Lactuca canadensis L.",2144,"18092.70","1721.40","10272.060","56.77"
"Usnea dimorpha (M√ºll. Arg.) Mot.",2077,"18963.04","327.95","10755.092","56.72"
"Dudleya multicaulis (Rose) Moran",2522,"46003.15","1368.27","26050.531","56.63"
"Euphorbia pulcherrima Willd. ex Klotzsch",2648,"55216.59","2858.49","31249.554","56.59"
"Danthonia sericea Nutt.",2261,"36176.73","1810.27","20427.376","56.47"
"Eriogonum gracilipes S. Watson",2937,"27761.00","1014.39","15674.759","56.46"
"Clarkia speciosa F.H. Lewis & M.E. Lewis",2687,"30334.00","1002.42","17112.285","56.41"
"Pireella pohlii (Schw√§gr.) Cardot",2646,"15351.38","430.39","8658.178","56.40"
"Luffa operculata (L.) Cogn.",2511,"51545.33","2275.64","29054.647","56.37"
"Lechea maritima Leggett ex Britton, Sterns & Poggenb. var. virginica Hodgdon",2907,"33162.12","268.02","18667.554","56.29"
"Glandularia tenera (Spreng.) Cabrera",2481,"19772.53","212.87","11121.539","56.25"
"Astragalus obscurus S. Watson",2034,"52595.13","1888.38","29525.846","56.14"
"Phlox L.",2631,"12424.43","183.99","6970.105","56.10"
"Hieracium greenei A. Gray",2374,"19407.64","303.54","10887.686","56.10"
"Eschscholzia caespitosa Benth.",2888,"16949.22","948.15","9508.512","56.10"
"Mentha √ósmithiana Graham",2799,"28350.07","699.96","15901.944","56.09"
"Isoetes melanospora Engelm. - ",20981,"11527.08","397.90","6455.165","56.00"
"Lecanora cinereofusca H. Magn.",2700,"65428.23","2918.09","36593.292","55.93"
"Syagrus Mart.",2846,"33829.39","1449.08","18852.083","55.73"
"Trifolium polymorphum Poir.",2623,"25600.61","1451.10","14244.779","55.64"
"Sicyos cucumerinus A. Gray",2365,"6447.24","960.19","3584.665","55.60"
"Bidens asymmetrica (Levl.) Sherff",2466,"41284.05","2080.81","22952.603","55.60"
"Cyclachaena xanthiifolia (Nutt.) Fresen.",2151,"37129.62","3112.50","20631.132","55.57"
"Agalinis divaricata (Chapm.) Pennell",2637,"37922.89","2324.32","21060.953","55.54"
"Ranunculus eschscholtzii Schltdl. var. eschscholtzii",2300,"21141.91","1039.38","11724.336","55.46"
"Prosopis strombulifera (Lam.) Benth.",2037,"9924.34","500.97","5498.084","55.40"
"Centaurea scabiosa L.",2369,"24374.51","1086.41","13495.833","55.37"
"Ramalina peruviana Ach.",2628,"11791.75","64.31","6520.838","55.30"
"Echium creticum L.",2221,"31947.16","795.00","17662.320","55.29"
"Salix pedicellaris Pursh",2108,"18853.00","148.24","10422.490","55.28"
"Derris Lour.",2241,"11903.22","101.99","6570.577","55.20"
"Muhlenbergia Schreb.",2554,"25654.41","1187.24","14156.620","55.18"
"Tilingia ajanensis Regel & Tiling",2305,"34252.01","1653.20","18879.565","55.12"
"Crataegus mendosa Beadle",2012,"21473.99","1327.32","11811.980","55.01"
"Scleria oligantha Michx.",2499,"41675.82","1562.51","22922.413","55.00"
"Calliergon macounii Karcz.",25161,"12466.00","916.71","6843.834","54.90"
"Eucalyptus microtheca F. Muell.",2210,"13640.92","74.06","7488.865","54.90"
"Pertusaria wulfenioides de Lesd.",2971,"48500.50","1436.81","26600.315","54.85"
"Montia bostockii (A.E. Porsild) S.L. Welsh",2112,"18534.70","440.43","10157.016","54.80"
"Hexalectris warnockii Ames & Correll",2858,"21109.70","127.25","11563.761","54.78"
"Hypericum parvulum Greene",2777,"44135.16","2170.77","24151.684","54.72"
"Myrsine pukooensis (Levl.) Hosaka",2542,"28408.57","1624.49","15535.069","54.68"
"Liatris lancifolia (Greene) Kittell",2477,"38750.49","2575.27","21177.500","54.65"
"Mahonia pinnata (Lag.) Fedde ssp. pinnata",2134,"40361.76","2344.65","22012.430","54.54"
"Acanthus L.",2003,"15043.90","860.12","8198.925","54.50"
"Polygonum fowleri B.L. Rob. ssp. hudsonianum (S.J. Wolf & McNeill) Costea & Tardif",2335,"45005.68","1772.49","24507.913","54.46"
"Calyptronoma Griseb.",2518,"14153.15","924.31","7699.314","54.40"
"Rubus lasiococcus A. Gray",2723,"48380.72","2383.81","26264.514","54.29"
"Lecanora monticola H. Magn.",2698,"37779.11","1312.33","20473.018","54.19"
"Brachythecium trachypodium (Brid.) Schimp.",2113,"29957.19","1283.08","16210.414","54.11"
"Abutilon theophrasti Medik.",2903,"24753.16","1217.37","13382.933","54.07"
"Labordia cyrtandrae (Baill.) H. St. John",2467,"18780.63","1046.49","10155.491","54.07"
"Sanicula crassicaulis Poepp. ex DC. var. tripartita (Suksd.) H. Wolff",2600,"76338.30","3369.22","41151.051","53.91"
"Triplasis purpurea (Walter) Chapm.",2670,"5160.08","58.64","2781.283","53.90"
"Hookeria lucens (Hedw.) Sm.",2429,"30214.09","1491.43","16276.293","53.87"
"Ribes pinetorum Greene",2588,"38989.04","902.42","20995.149","53.85"
"Jasione L.",2454,"10748.42","640.16","5761.153","53.60"
"Salvia carduacea Benth.",2867,"48775.47","821.79","26103.646","53.52"
"Monodora Dunal",2543,"15723.35","761.55","8411.992","53.50"
"Kolkwitzia amabilis Graebn.",2078,"25709.29","1837.38","13748.227","53.48"
"Calyptranthes Sw.",2550,"54476.15","1144.10","29100.438","53.42"
"Eriogonum siskiyouense Small",2782,"25159.16","1001.21","13418.781","53.34"
"Cyphelium brachysporum Nadv.",2815,"17248.70","298.96","9193.557","53.30"
"Citharexylum tristachyum Turcz.",2869,"16674.48","752.48","8887.498","53.30"
"Holocarpha virgata (A. Gray) D.D. Keck ssp. virgata",2981,"12158.95","694.31","6468.561","53.20"
"Alstonia macrophylla Wall. ex G. Don",2247,"25658.35","1438.96","13607.544","53.03"
"Brickellia coulteri A. Gray",2218,"36144.42","1942.70","19136.911","52.95"
"Nemophila Nutt.",2059,"25826.58","398.90","13648.101","52.85"
"Erigeron lanatus Hook.",2967,"30629.88","1160.02","16154.195","52.74"
"Senna artemisioides (Gaudich. ex DC.) Randell ssp. helmsii (Symon) Randell",2104,"23183.86","1672.59","12203.143","52.64"
"Eschscholzia californica Cham.",2139,"17626.58","179.21","9253.954","52.50"
"Lespedeza leptostachya Engelm.",2655,"57040.45","3169.40","29940.967","52.49"
"Sedum oreganum Nutt. ssp. tenue R.T. Clausen",2592,"44488.16","1758.21","23353.177","52.49"
"Lolium rigidum Gaudin",2951,"16243.78","708.40","8518.282","52.44"
"Aesculus pavia L. var. pavia",2682,"25703.46","1367.86","13462.838","52.38"
"Clarkia rostrata W.S. Davis",2073,"16955.35","590.51","8867.648","52.30"
"Collema furfuraceum (Arnold) Du Rietz var. luzonense (Rasanen) Degel.",2512,"34142.81","1223.20","17829.365","52.22"
"Anemone ranunculoides L.",2979,"16650.83","1058.28","8676.242","52.11"
"Acacia schaffneri (S. Watson) F.J. Herm. var. bravoensis Isely",2747,"65071.00","1007.87","33898.660","52.09"
"Prescotia oligantha (Sw.) Lindl.",2795,"13644.40","1381.31","7107.625","52.09"
"Cordia lima (Desv.) Roem. & Schult.",2488,"30055.26","1769.05","15648.921","52.07"
"Aquilegia flavescens S. Watson",2973,"69021.98","1421.62","35941.548","52.07"
"Hygrohypnum subeugyrium (Renauld & Cardot) Broth.",2440,"53504.13","1636.81","27829.753","52.01"
"Amomum Roxb.",2150,"43810.05","1579.80","22760.101","51.95"
"Viola √óesculenta Elliott (pro sp.)",2734,"27639.78","190.75","14356.120","51.94"
"Juncus brachycarpus Engelm.",2941,"36318.02","2083.53","18863.594","51.94"
"Cosmos bipinnatus Cav.",2344,"15855.01","139.09","8228.750","51.90"
"Draba asprella Greene var. asprella",2722,"11066.54","683.67","5743.534","51.90"
"Amberboa moschata (L.) DC.",2844,"21761.82","448.56","11281.044","51.84"
"Houstonia purpurea L. var. calycosa A. Gray",2904,"15537.27","433.94","8045.216","51.78"
"Eurybia conspicua (Lindl.) G.L. Nesom",2927,"49105.01","1047.22","25380.669","51.69"
"Peperomia latifolia Miq.",2408,"56073.78","1585.79","28977.792","51.68"
"Capparis corymbosa Lam.",2215,"31941.40","1246.75","16503.824","51.67"
"Sambucus nigra L. ssp. canadensis (L.) R. Bolli",2024,"56094.25","2498.99","28969.803","51.64"
"Coryphantha sulcata (Engelm.) Britton & Rose",2636,"31922.87","898.68","16469.107","51.59"
"Potentilla concinna Richardson var. bicrenata (Rydb.) S.L. Welsh & B.C. Johnst.",2290,"31295.70","2194.04","16143.190","51.58"
"Prunus ilicifolia (Nutt. ex Hook. & Arn.) D. Dietr. ssp. ilicifolia",2425,"44925.39","1138.37","23161.973","51.56"
"Echinochloa crus-pavonis (Kunth) Schult. var. crus-pavonis",2382,"38986.56","948.44","20098.345","51.55"
"Tripterocalyx (Torr.) Hook.",2739,"31527.84","1059.67","16249.109","51.54"
"Pohlia elongata Hedw. var. greenii (Brid.) Shaw",2373,"16203.85","391.22","8344.983","51.50"
"Rubus moluccanus L. [excluded]",2286,"65667.17","1477.70","33767.876","51.42"
"Eriogonum annuum Nutt.",2029,"44611.22","1480.07","22925.934","51.39"
"Gratiola graniticola D. Estes",2363,"22309.87","1613.18","11449.314","51.32"
"Micarea Fr.",2257,"23836.74","1093.73","12215.016","51.24"
"Zigadenus densus (Desr.) Fernald",2596,"20321.93","1335.25","10410.130","51.23"
"Pentaclethra Benth.",2627,"7679.92","632.09","3932.119","51.20"
"Solidago uliginosa Nutt. var. linoides (Torr. & A. Gray) Fernald",2105,"31515.57","1137.66","16125.556","51.17"
"Solidago sciaphila Steele",2758,"31704.11","722.77","16221.521","51.17"
"Pleuropogon sabinei R. Br.",2304,"26260.91","967.65","13437.977","51.17"
"Oonopsis wardii (A. Gray) Greene",2916,"7019.12","313.65","3586.770","51.10"
"Stuckenia filiformis (Pers.) B√∂rner ssp. filiformis",2322,"32499.29","1291.22","16590.339","51.05"
"Arceuthobium M. Bieb.",2275,"27424.24","1654.56","13995.001","51.03"
"Veratrum album L. ssp. album",2934,"61452.91","2939.80","31322.819","50.97"
"Stellaria porsildii Chinnappa",2651,"29798.65","1515.83","15175.359","50.93"
"Coffea L.",2201,"23801.17","1979.76","12116.223","50.91"
"Layia gaillardioides (Hook. & Arn.) DC.",2963,"27256.40","1818.38","13855.028","50.83"
"Phoebanthus tenuifolius (Torr. & A. Gray) S.F. Blake",2638,"16716.05","1032.84","8489.480","50.79"
"Tortula subulata Hedw.",2875,"43979.77","1608.80","22324.099","50.76"
"Astragalus bisulcatus (Hook.) A. Gray var. bisulcatus",2893,"21163.81","1709.55","10727.134","50.69"
"Saxifraga flagellaris Willd. ex Sternb. ssp. flagellaris Willd. ex Sternb. [excluded]",2932,"28275.68","1380.05","14257.824","50.42"
"Phacelia vallis-mortae J. Voss var. heliophila (J.F. Macbr.) J. Voss",2843,"42368.16","852.95","21361.145","50.42"
"Carissa macrocarpa (Eckl.) A. DC.",2021,"25799.70","1545.73","12988.296","50.34"
"Orobanche californica Cham. & Schltdl. ssp. grandis Heckard",2136,"27255.80","839.78","13686.170","50.21"
"Phlox griseola Wherry ssp. griseola",2368,"41531.28","1211.53","20849.388","50.20"
"Ballota nigra L. var. alba (L.) Sm.",2092,"11157.22","529.84","5578.610","50.00"
"Lasthenia leptalea (A. Gray) Ornduff",2735,"43930.38","2045.28","21960.526","49.99"
"Caloplaca fraudans (Th. Fr.) H. Olivier",2590,"36602.27","1517.68","18286.317","49.96"
"Pelexia Poit. ex Lindl.",2385,"28817.19","2599.15","14394.314","49.95"
"Moricandia arvensis (L.) DC.",2669,"27559.37","770.15","13754.896","49.91"
"Hexastylis arifolia (Michx.) Small var. arifolia",2496,"53535.67","1623.44","26677.564","49.83"
"Atriplex sibirica L.",2773,"20146.45","1218.13","10030.176","49.79"
"Lecanora dispersoareolata (Schaerer) Lamy",2699,"45278.96","1338.89","22510.309","49.71"
"Lupinus elegans Kunth",2291,"13951.33","214.93","6933.811","49.70"
"Calendula arvensis L.",2318,"21278.30","824.73","10562.302","49.64"
"Chamaesyce celastroides (Boiss.) Croizat & O. Deg. var. celastroides",2000,"27363.17","2345.65","13525.512","49.43"
"Phoenicaulis cheiranthoides Nutt.",2913,"62857.96","3562.81","31060.803","49.41"
"Hedeoma reverchonii (A. Gray) A. Gray var. reverchonii",2693,"22793.31","1170.53","11240.201","49.31"
"Dysphania R. Br.",2278,"14729.00","213.84","7261.397","49.30"
"Kallstroemia pubescens (G. Don) Dandy",2152,"20327.07","1848.71","10009.330","49.24"
"Rhododendron occidentale (Torr. & A. Gray) A. Gray var. occidentale",2923,"11338.95","28.52","5578.763","49.20"
"Lobelia robusta Graham var. portoricensis (A. DC.) McVaugh",2711,"37649.45","1116.03","18513.068","49.17"
"Ramalina paludosa B. Moore",2158,"68834.02","2898.31","33830.103","49.15"
"Verbena urticifolia L. var. leiocarpa L.M. Perry & Fernald",2940,"89288.14","4062.83","43880.342","49.14"
"Phoradendron macrophyllum (Engelm.) Cockerell ssp. macrophyllum",2203,"25146.36","1453.91","12353.913","49.13"
"Viola wailenalenae (Rock) Skottsb.",2011,"7220.23","923.64","3545.133","49.10"
"Aneilema R. Br.",2026,"18368.28","671.75","9018.825","49.10"
"Phacelia formosula Osterh.",2578,"34888.54","1263.43","17102.221","49.02"
"Hemidictyum C. Presl",2419,"43980.94","1929.67","21557.402","49.02"
"Draba aleutica Ekman ex Hult√©n",2015,"74193.23","2243.96","36345.587","48.99"
"Coleanthus Seidel",2547,"46163.54","895.34","22601.727","48.96"
"Tulipa sylvestris L.",2947,"33504.16","864.66","16374.584","48.87"
"Callirhoe digitata Nutt.",2953,"80258.35","3603.29","39205.479","48.85"
"Cyclanthera gracillima Cogn.",2786,"26240.07","1031.57","12817.918","48.85"
"Penstemon heterophyllus Lindl. ssp. purdyi D.D. Keck",2668,"50602.33","1189.73","24692.446","48.80"
"Thelotrema lepadinum (Ach.) Ach.",2067,"44016.60","2010.27","21414.895","48.65"
"Tulipa clusiana DC.",2472,"16725.27","913.11","8128.194","48.60"
"Laelia Lindl.",2475,"45983.55","1801.98","22329.489","48.56"
"Echinochloa phyllopogon (Stapf) Koso-Pol.",2695,"31915.89","608.14","15484.747","48.52"
"Heuchera elegans Abrams",2894,"54741.87","2547.21","26555.219","48.51"
"Onosma echioides L.",2587,"36813.48","1044.38","17853.879","48.50"
"Cryptantha crassisepala (Torr. & A. Gray) Greene",2866,"24928.81","483.40","12084.325","48.48"
"Calochortus macrocarpus Douglas",2733,"54256.26","2399.41","26278.451","48.43"
"Alnus viridis (Chaix) DC.",2370,"26538.46","1172.29","12844.377","48.40"
"Eriogonum dasyanthemum Torr. & A. Gray",2169,"28284.29","1361.21","13686.002","48.39"
"Bidens laevis (L.) Britton, Sterns & Poggenb.",2801,"35093.89","1291.33","16975.517","48.37"
"Woodsia √ógracilis (G. Lawson) Butters",2192,"46491.73","2767.15","22466.012","48.32"
"Usnea mirabilis Mot.",2076,"19742.33","926.59","9535.545","48.30"
"Panicum hirsutum Sw.",2394,"24291.53","1306.73","11729.755","48.29"
"Lyonothamnus floribundus A. Gray",2160,"34120.95","1416.88","16434.328","48.16"
"Landolphia owariensis P. Beauv.",2939,"11964.36","33.18","5754.857","48.10"
"Sphagnum lescurii Sull.",2487,"34789.34","2204.18","16701.645","48.01"
"Fragaria √óananassa (Weston) Duchesne ex Rozier (pro sp.)",2836,"6446.26","224.61","3074.866","47.70"
"Caloncoba Gilg",2140,"60675.22","2352.04","28905.787","47.64"
"Rosa stellata Wooton ssp. stellata",2243,"46003.96","2430.47","21889.898","47.58"
"Rumex orthoneurus Rech. f.",2180,"52182.15","787.94","24809.524","47.54"
"Baccharis texana (Torr. & A. Gray) A. Gray",2653,"29995.10","1355.09","14253.638","47.52"
"Curcuma amada Roxb.",2519,"25031.77","949.45","11891.190","47.50"
"Cyperus tenuis Sw.",2223,"32610.22","1737.25","15487.578","47.49"
"Vaccinium crassifolium Andrews ssp. crassifolium",2220,"54788.92","3326.81","25979.099","47.42"
"Paspalum bifidum (Bertol.) Nash",2643,"30315.03","1230.55","14375.104","47.42"
"Lysimachia √óproducta (A. Gray) Fernald (pro sp.)",2976,"63709.35","1402.20","30193.506","47.39"
"Chaerophyllum bulbosum L.",2889,"61346.28","2800.26","29035.119","47.33"
"Cyperus polystachyos Rottb. var. miser K√ºk.",2521,"59791.72","1329.66","28302.179","47.33"
"Lampranthus vredenbergensis L. Bolus",2910,"49926.80","2229.61","23602.059","47.27"
"Cenchrus agrimonioides Trin. var. agrimonioides",2459,"44260.77","1937.36","20899.793","47.22"
"Astragalus lackschewitzii Lavin & H. Marriott",2471,"15568.40","970.59","7342.142","47.16"
"Elatine triandra Schkuhr",2870,"34226.08","969.68","16137.804","47.15"
"Echinocereus triglochidiatus Engelm.",2464,"11356.57","63.94","5337.588","47.00"
"Anthemis L.",2167,"51543.97","2394.00","24218.350","46.99"
"Lysimachia mauritiana Lam.",2825,"63020.11","1831.33","29600.259","46.97"
"Koeleria vallesiana (Honck.) Gaudin",2813,"33790.79","1102.89","15856.911","46.93"
"Trifolium eriocephalum Nutt. ssp. cascadense J.M. Gillett",2159,"19723.36","428.82","9250.256","46.90"
"Hypogymnia duplicata (Ach.) Rass.",2270,"17827.00","992.49","8343.036","46.80"
"Silene uralensis (Rupr.) Bocquet ssp. attenuata (Farr) McNeill",2033,"45756.02","1782.51","21389.986","46.75"
"Grimmia torngakiana Brass. & Hedderson",2377,"49496.01","2282.44","23128.066","46.73"
"Solorinella Anzi",2812,"55732.66","2853.52","26029.636","46.70"
"Senecio hydrophilus Nutt.",2919,"25932.50","570.22","12107.003","46.69"
"Lupinus arizonicus (S. Watson) S. Watson ssp. sonorensis Christian & D. Dunn",2814,"48376.93","1254.16","22559.698","46.63"
"Mimulus ringens L. var. colpophilus Fernald",2018,"31168.33","1056.72","14524.559","46.60"
"Suaeda tampicensis (Standl.) Standl.",2199,"25734.93","355.64","11980.985","46.56"
"Elephantopus carolinianus Raeusch.",2154,"9542.53","478.38","4437.276","46.50"
"Asplenium plenum E.P. St. John ex Small",2731,"23051.78","736.95","10716.569","46.49"
"Lycium chinense Mill.",2176,"47991.53","2555.13","22296.391","46.46"
"Chrysanthemum majus (Desf.) Asch.",2238,"55838.93","2243.92","25931.099","46.44"
"Oonopsis wardii (A. Gray) Greene g23",29161,"30058.81","828.25","13933.993","46.36"
"Lathyrus polymorphus Nutt. ssp. polymorphus var. hapemanii (A. Nelson) C.L. Hitchc.",2523,"19985.07","145.15","9253.087","46.30"
"Alnus oblongifolia Torr.",2038,"11945.40","615.29","5529.552","46.29"
"Sphenopholis √ópallens (Biehler) Scribn. (pro sp.)",2922,"23525.76","534.96","10886.425","46.27"
"Argythamnia candicans Sw.",2761,"32362.08","1932.82","14964.435","46.24"
"Richardia brasiliensis Gomes",2883,"42519.55","1043.41","19605.563","46.11"
"Amaranthus cannabinus (L.) Sauer",2873,"14642.90","374.28","6750.377","46.10"
"Cerastium terrae-novae Fernald & Wiegand",2552,"19324.66","122.03","8908.668","46.10"
"Astragalus lentiginosus Douglas ex Hook. var. wilsonii (Greene) Barneby - fea",29501,"60545.80","1845.64","27914.405","46.10"
"Philoxerus portulacoides A. St. Hil.",2630,"37116.34","1212.76","17105.873","46.09"
"Leptogium rugosum Sierk",2732,"26756.19","201.23","12332.367","46.09"
"Solorina octospora (Arnold) Arnold",2188,"30483.42","1077.61","14040.764","46.06"
"Cienfuegosia yucatanensis Millsp.",2984,"30966.15","1837.80","14245.776","46.00"
"Polygala nudata Brandegee",2797,"73098.50","2180.67","33611.559","45.98"
"Malus toringo (Siebold) Siebold ex de Vriese",2874,"70833.61","4089.11","32556.002","45.96"
"Huperzia taxifolia (Sw.) Trevis.",2983,"82276.04","3390.12","37690.874","45.81"
"Parmotrema louisianae (Hale) Hale",2506,"13371.36","405.49","6124.083","45.80"
"Ceanothus gloriosus J.T. Howell var. porrectus J.T. Howell",2553,"19567.28","1769.05","8960.525","45.79"
"Lecanora argopholis (Ach.) Ach.",2703,"31189.73","1246.65","14252.179","45.70"
"Herniaria hirsuta L. ssp. hirsuta",2395,"30723.29","475.30","14037.496","45.69"
"Penstemon nitidus Douglas ex Benth. var. nitidus",2920,"23930.01","1389.34","10922.348","45.64"
"Lomatium marginatum (Benth.) J.M. Coult. & Rose var. purpureum Jeps.",2128,"44937.62","1663.13","20507.949","45.64"
"Spiranthes lucida (H.H. Eaton) Ames",2766,"33098.32","658.20","15100.075","45.62"
"Eurystyles Wawra",2233,"52981.29","1618.58","24159.445","45.60"
"Valerianella texana Dyal",2285,"57508.72","1168.02","26210.566","45.58"
"Betula platyphylla Sukaczev var. platyphylla",2050,"35602.59","641.44","16193.281","45.48"
"Mirabilis alipes (S. Watson) Pilz",2955,"36858.82","3208.61","16760.880","45.47"
"Hedysarum L.",2845,"18829.35","1650.14","8542.627","45.37"
"Amblystegium varium (Hedw.) Lindb.",2023,"25198.56","1232.81","11425.971","45.34"
"Tragopogon √óneohybridus Farw.",2356,"56347.01","899.76","25527.798","45.30"
"Parietaria pensylvanica Muhl. ex Willd.",2626,"7788.65","516.19","3528.258","45.30"
"Cabomba palaeformis Fassett",2325,"13950.54","719.24","6319.173","45.30"
"Agapanthus L'H√©r.",2007,"5435.47","919.46","2462.268","45.30"
"Rhynchospora pineticola C.B. Clarke",2635,"56399.92","2127.10","25542.660","45.29"
"Camissonia boothii (Douglas ex Lehm.) P.H. Raven ssp. desertorum (Munz) P.H. Raven",2244,"29040.55","865.81","13141.018","45.25"
"Verbena √óperriana Moldenke",2905,"32645.57","494.60","14738.194","45.15"
"Clematis viorna L.",2901,"75560.91","3869.78","34109.476","45.14"
"Clematis orientalis L.",2593,"18615.37","727.07","8395.532","45.10"
"Corymbia K.D. Hill & L.A.S. Johnson",2214,"37546.10","1897.56","16925.973","45.08"
"Tridens eragrostoides (Vasey & Scribn.) Nash",2507,"17996.61","752.31","8111.225","45.07"
"Dicranella heteromalla (Hedw.) Schimp.",2250,"41597.38","2135.08","18709.558","44.98"
"Lotus denticulatus (E. Drew) Greene",2710,"18426.38","11.15","8273.445","44.90"
"Machaeranthera carnosa (A. Gray) G.L. Nesom",2769,"65003.27","3221.80","29160.989","44.86"
"Astragalus alpinus L. var. alpinus",2019,"29751.49","1425.66","13337.022","44.83"
"Ruta L.",2730,"16328.26","1378.10","7310.197","44.77"
"Lupinus affinis J. Agardh",2328,"38695.24","1660.13","17300.146","44.71"
"Umbilicaria crustulosa (Ach.) Frey",2226,"13057.35","765.72","5836.635","44.70"
"Roccella decipiens Darbish.",2712,"40230.86","2302.30","17978.942","44.69"
"Zephyranthes grandiflora Lindl.",2720,"28244.23","575.62","12616.042","44.67"
"Cornus sericea L. ssp. sericea",2686,"40304.68","2349.18","17992.801","44.64"
"Teucrium cubense Jacq. var. densum Jeps.",2791,"12042.22","668.49","5370.830","44.60"
"Fraxinus L.",2048,"49536.77","2671.80","22086.120","44.59"
"Borago L.",2110,"67043.12","1143.61","29889.519","44.58"
"Eriogonum deflexum Torr. var. nevadense Reveal",2568,"20424.49","1510.09","9095.483","44.53"
"Neofuscelia ahtii (Essl.) Essl.",2009,"47049.16","1282.51","20940.994","44.51"
"Cetraria islandica (L.) Ach. ssp. crispiformis (Rasanen) Karnefelt",2449,"13014.01","1376.52","5791.607","44.50"
"Antitrichia californica Sull.",2133,"42989.35","1856.23","19076.284","44.37"
"Bromus inermis Leyss. ssp. pumpellianus (Scribn.) Wagnon var. pumpellianus (Scribn.) C.L. Hitchc.",2665,"34720.65","2458.25","15402.711","44.36"
"Lecidea plebeja Nyl.",2484,"37844.16","1520.62","16772.081","44.32"
"Arctostaphylos tomentosa (Pursh) Lindl. ssp. daciticola P.V. Wells",2236,"29732.61","1731.49","13159.121","44.26"
"Sphaeralcea munroana (Douglas) Spach ssp. subrhomboidea (Rydb.) Kearney",2942,"68002.17","2945.88","30084.544","44.24"
"Verbena rigida Spreng.",2886,"14576.88","486.92","6442.981","44.20"
"Eriophorum virginicum L.",2853,"36429.18","821.03","16099.476","44.19"
"Parmelinopsis Elix & Hale",2612,"15548.45","1040.28","6868.405","44.17"
"Valerianella palmeri Dyal",2604,"23093.62","2086.94","10188.659","44.12"
"Stenaria butterwickiae (Terrell) Terrell",2129,"19516.38","138.49","8606.724","44.10"
"Asclepias scaposa Vail",2074,"62904.45","2810.50","27725.596","44.08"
"Columbiadoria hallii (A. Gray) G.L. Nesom",2400,"44593.52","2381.61","19640.437","44.04"
"Draba pauciflora R. Br.",2315,"53706.84","1589.76","23647.318","44.03"
"Minuartia L.",2835,"40958.15","1921.37","18001.197","43.95"
"Desmanthus pernambucanus (L.) Thell.",2634,"40170.92","1028.70","17653.213","43.95"
"Symphyotrichum oolentangiense (Riddell) G.L. Nesom var. oolentangiense",2784,"48844.72","1298.37","21457.179","43.93"
"Aspidotis densa (Brack.) Lellinger",2445,"34843.08","1222.62","15305.179","43.93"
"Calamovilfa longifolia (Hook.) Scribn. var. magna Scribn. & Merr.",2656,"22329.98","1615.81","9797.744","43.88"
"Zizania palustris L. var. interior (Fassett) Dore",2577,"28705.95","891.19","12591.845","43.86"
"Cynodon aethiopicus W.D. Clayton & Harlan",2301,"25725.46","1175.32","11284.107","43.86"
"Castilleja nivea Pennell & Ownbey",2809,"11097.85","1527.45","4837.546","43.59"
"Pityrogramma √ómackenneyi W.H. Wagner",2357,"5134.50","615.94","2233.507","43.50"
"Isodendrion A. Gray",2451,"29555.38","1372.23","12857.118","43.50"
"Lobelia puberula Michx. var. pauciflora Bush",2263,"52470.94","2531.79","22786.011","43.43"
"Nymphoides peltata (S.G. Gmel.) Kuntze",2974,"31601.03","1130.59","13713.368","43.40"
"Phlox glaberrima L.",2803,"37796.99","1944.96","16372.832","43.32"
"Pterocaulon Elliott",2097,"20995.93","1434.49","9078.536","43.24"
"Sisyrinchium rosulatum E.P. Bicknell - europe",20281,"24670.89","971.60","10666.882","43.24"
"Lesquerella congesta Rollins",2269,"15672.83","709.09","6770.663","43.20"
"Vulpia microstachys (Nutt.) Munro",2793,"61623.43","3919.64","26602.594","43.17"
"Parkia bicolor A. Chev.",2005,"19568.86","1309.66","8441.765","43.14"
"Synthyris reniformis (Douglas ex Benth.) Benth. var. cordata A. Gray",2810,"45384.24","1682.65","19577.813","43.14"
"Opegrapha bonplandii F√©e",2109,"77315.32","2018.77","33354.136","43.14"
"Cymopterus minimus (Mathias) Mathias",2164,"27511.29","835.64","11864.872","43.13"
"Quercus √óheterophylla Michx. f. (pro sp.)",2068,"50291.15","1241.43","21680.850","43.11"
"Quercus √ópalmeriana A. Camus",2436,"31286.03","302.10","13461.841","43.03"
"Descurainia pinnata (Walter) Britton ssp. menziesii (DC.) Detling",2531,"28897.09","2247.64","12418.134","42.97"
"Okenia hypogaea Schltdl. & Cham.",2126,"34282.89","2305.37","14732.947","42.97"
"Correa backhousiana Hook.",2060,"42795.21","3275.74","18340.146","42.86"
"Liriope Lour.",2490,"44744.69","2942.55","19152.397","42.80"
"Selaginella selaginoides (L.) P. Beauv. ex Mart. & Schrank",2196,"51401.05","2794.93","21976.128","42.75"
"Laetia procera (Poepp.) Eichl.",2227,"29273.99","1656.51","12501.149","42.70"
"Lupinus albifrons Benth. var. douglasii (J. Agardh) C.P. Sm.",2259,"5792.86","824.53","2473.551","42.70"
"Diospyros digyna Jacq.",2094,"48123.24","3523.10","20534.181","42.67"
"Malpighia coccigera L.",2058,"79962.35","4220.20","34052.334","42.59"
"Sphagnum girgensohnii Russow",2351,"33342.94","1421.97","14174.740","42.51"
"Maianthemum stellatum (L.) Link",2833,"10135.96","13.77","4307.783","42.50"
"Iris chrysophylla Howell",2982,"38391.34","1714.25","16288.700","42.43"
"Elaphoglossum petiolatum (Sw.) Urb. var. dussii (Underw. ex Maxon) Proctor",2271,"36526.63","1380.06","15492.647","42.41"
"Oxypolis filiformis (Walter) Britton",2917,"12922.96","765.03","5453.489","42.20"
"Chrysogonum virginianum L. var. virginianum",2371,"46560.84","1881.34","19622.825","42.14"
"Barbula convoluta Hedw.",2209,"18486.36","1458.23","7784.887","42.11"
"Euphorbia roemeriana Scheele",2715,"5460.90","400.62","2299.039","42.10"
"Gymnopogon P. Beauv.",2783,"11399.93","43.88","4799.371","42.10"
"Pedicularis sudetica Willd. ssp. interior (Hult√©n) Hult√©n",2839,"25965.81","1541.31","10927.711","42.08"
"Erythrina poeppigiana (Walp.) O.F. Cook",2549,"24561.59","1145.39","10334.045","42.07"
"Scleria lithosperma (L.) Sw.",2331,"38216.01","1813.73","16057.395","42.02"
"Juncus elliottii Chapm. var. elliottii",2294,"15548.83","592.58","6530.509","42.00"
"Arthothelium pruinascens Zahlbr.",2046,"16502.55","544.45","6931.071","42.00"
"Oxytropis arctica R. Br.",2035,"35220.15","983.46","14790.405","41.99"
"Cystopteris √óillinoensis R.C. Moran",2099,"52529.02","1706.38","22031.487","41.94"
"Arthonia willeyi Tuck.",2949,"14603.10","860.28","6118.699","41.90"
"Crypsis alopecuroides (Piller & Mitterp.) Schrad.",2336,"73186.51","3656.62","30654.242","41.89"
"Piper dilatatum Rich.",2424,"63674.83","4807.21","26667.003","41.88"
"Dietes grandiflora N.E. Br.",2945,"5158.24","335.72","2156.144","41.80"
"Limnanthes alba Hartw. ex Benth.",2936,"30282.53","449.36","12649.959","41.77"
"Bidens campylotheca Sch. Bip.",2906,"33965.85","1055.12","14185.435","41.76"
"Galium munzii Hilend & J.T. Howell",2557,"46759.37","2029.64","19510.620","41.73"
"Prunus persica (L.) Batsch",2622,"26159.43","420.15","10913.426","41.72"
"Trifolium depauperatum Desv. var. amplectens (Torr. & A. Gray) S. Watson",2066,"39930.06","1854.13","16650.655","41.70"
"Vitis aestivalis Michx. var. aestivalis",2841,"23465.15","1451.73","9785.257","41.70"
"Monardella stebbinsii Hardham & Bartel",2309,"27020.84","1299.37","11260.932","41.67"
"Syringa L.",2489,"59585.93","2387.77","24792.063","41.61"
"Tuckermannopsis fendleri (Nyl.) Hale",2311,"42042.27","1085.25","17470.259","41.55"
"Helianthus resinosus Small",2689,"15411.84","506.33","6401.256","41.53"
"Pritchardia perlmanii C.E. Gemmill",2911,"24144.71","244.16","10025.616","41.52"
"Atrichum altecristatum (Renauld & Cardot) Smyth & Smyth",2051,"37830.34","2170.21","15703.071","41.51"
"Gaura neomexicana Wooton",2571,"39321.00","1970.12","16318.677","41.50"
"Crocynia pyxinoides Nyl.",2224,"15278.08","627.43","6340.403","41.50"
"Matthiola incana (L.) W.T. Aiton",2855,"55718.24","3323.03","23121.948","41.50"
"Elodea nuttallii (Planch.) H. St. John",2929,"29645.71","1127.24","12270.030","41.39"
"Mitella trifida Graham var. trifida",2868,"39691.91","1361.30","16421.345","41.37"
"Pediomelum piedmontanum J.R. Allison, M.W. Morris & A.N. Egan",2633,"35806.00","1002.21","14802.611","41.34"
"Quercus √óschuettei Trel.",2435,"51068.39","1037.76","21106.371","41.33"
"Eriogonum alatum Torr. var. glabriusculum Torr.",2954,"40257.03","2117.93","16634.053","41.32"
"Phoenicaulis Nutt.",2632,"23999.00","1430.25","9911.529","41.30"
"Eutrochium maculatum (L.) E.E. Lamont var. bruneri (A. Gray) E.E. Lamont",2827,"50098.23","1458.99","20681.103","41.28"
"Salix aurita L.",2280,"36610.49","2156.24","15097.361","41.24"
"Galium verum L.",2978,"71576.61","2488.77","29438.844","41.13"
"Arabis lyrata L.",2513,"48182.50","1628.19","19797.843","41.09"
"Astragalus cimae M.E. Jones var. cimae",2190,"45180.98","1634.22","18563.471","41.09"
"Miscanthus oligostachyus Stapf",2794,"19506.43","928.30","7985.824","40.94"
"Trifolium haydenii Porter",2412,"55031.74","3027.90","22507.215","40.90"
"Plantago coronopus L.",2122,"25800.26","876.48","10539.626","40.85"
"Achillea ptarmica L.",2808,"39265.07","2017.94","16041.609","40.85"
"Egletes prostrata (Sw.) Kuntze",2660,"15686.91","161.40","6384.572","40.70"
"Hedeoma nana (Torr.) Briq. ssp. macrocalyx W.S. Stewart",2273,"11971.01","534.65","4872.201","40.70"
"Lesquerella aurea Wooton",2358,"15956.16","880.35","6489.939","40.67"
"Julella vitrispora (Cooke & Harkness) M.E. Barr",2458,"23579.72","1606.81","9577.921","40.62"
"Vinca herbacea Waldst. & Kit.",2421,"45222.90","2930.33","18356.456","40.59"
"Renealmia occidentalis (Sw.) Sweet",2085,"43242.03","1197.53","17500.653","40.47"
"Rosa laevigata Michx.",2172,"43668.03","2718.69","17635.632","40.39"
"Physaria newberryi A. Gray var. newberryi",2573,"42426.62","2418.29","17087.939","40.28"
"Callistemon sieberi DC.",2708,"48849.85","2019.64","19662.109","40.25"
"Mentha spicata L.",2822,"75594.05","2262.48","30369.675","40.17"
"Eriophyllum confertiflorum (DC.) A. Gray var. tanacetiflorum (Greene) Jeps.",2359,"36840.65","1843.26","14791.442","40.15"
"Erigeron awapensis S.L. Welsh",2056,"25651.69","949.91","10293.999","40.13"
"Hygrophila corymbosa (Blume) Lindau",2832,"48496.12","1659.49","19463.163","40.13"
"Ancistrocactus scheeri (Salm-Dyck) Britton & Rose",2748,"44893.06","1275.90","17992.208","40.08"
"Cyperus trinervis R. Br.",2053,"40674.33","2165.50","16294.620","40.06"
"Porpidia K√∂rb.",2650,"69090.97","2536.01","27659.542","40.03"
"Solanum mauritianum Scop.",2281,"33508.66","1014.91","13405.330","40.01"
"Eriogonum umbellatum Torr. var. goodmanii Reveal",2362,"21671.87","1015.64","8665.018","39.98"
"Plagiobothrys parishii I.M. Johnst.",2609,"27831.97","1005.34","11120.766","39.96"
"Arnoglossum ovatum (Walter) H. Rob.",2598,"41215.09","2285.08","16415.221","39.83"
"Jasione montana L.",2764,"21990.15","343.92","8757.102","39.82"
"Nephroma helveticum Ach. ssp. sipeanum (Gyel.) Goward & Ahti",2781,"79125.85","2370.36","31510.027","39.82"
"Arthraxon P. Beauv.",2157,"35118.83","766.56","13971.535","39.78"
"Limosella pubiflora Pennell",2183,"56527.36","2266.43","22473.472","39.76"
"Paspalum notatum Fluegg√© var. saurae Parodi",2062,"36012.72","1658.53","14319.915","39.76"
"Grimmia elongata Kaulf.",2379,"54428.87","2172.49","21623.727","39.73"
"Packera tridenticulata (Rydb.) W.A. Weber & √Å. L√∂ve",2871,"68782.50","2494.97","27324.898","39.73"
"Plantago australis Lam. ssp. hirtella (Kunth) Rahn",2532,"18873.94","997.11","7495.985","39.72"
"Symphyotrichum sericeum (Vent.) G.L. Nesom",2928,"14360.77","527.88","5686.865","39.60"
"Dudleya edulis (Nutt.) Moran",2323,"19447.05","859.44","7692.473","39.56"
"Balsamorhiza sagittata (Pursh) Nutt.",2045,"48279.54","2494.42","19056.943","39.47"
"Capparis flexuosa (L.) L.",2306,"21692.91","1059.82","8557.556","39.45"
"Cladina portentosa (Dufour) Follmann ssp. pacifica (Ahti) Ahti",2602,"69196.38","2495.19","27294.975","39.45"
"Roemeria refracta DC.",2826,"24689.13","1302.55","9737.071","39.44"
"Solidago latissimifolia Mill.",2293,"46856.86","1567.54","18475.573","39.43"
"Phlox pilosa L.",2264,"15946.59","591.88","6282.956","39.40"
"Panicum miliaceum L.",2658,"29331.71","511.65","11555.302","39.40"
"Aspicilia contigua (Lynge) J.W. Thomson",2704,"64839.57","1841.78","25513.510","39.35"
"Diplazium striatum (L.) C. Presl",2838,"36406.91","2290.80","14326.965","39.35"
"Ichnanthus P. Beauv.",2080,"13806.21","641.67","5425.841","39.30"
"Pinckneya bracteata (W. Bartram) Raf.",2314,"55940.04","1592.85","21953.727","39.25"
"Acer negundo L. var. californicum (Torr. & A. Gray) Sarg.",2135,"46934.26","1777.29","18412.734","39.23"
"Hypotrachyna densirhizinata (Kurok.) Hale",2442,"28358.90","1445.00","11120.552","39.21"
"Bryum violaceum Crundw. & Nyholm",2121,"30581.81","1114.85","11989.449","39.20"
"Parmotrema dominicanum (Vain.) Hale",2256,"45649.90","3529.16","17882.000","39.17"
"Lipochaeta succulenta (Hook. & Arn.) DC.",2751,"50796.61","2659.31","19881.945","39.14"
"Monolopia gracilens A. Gray",2962,"67278.56","2464.32","26329.285","39.13"
"Lactuca floridana (L.) Gaertn. var. villosa (Jacq.) Cronquist",2961,"79480.15","3347.76","31043.916","39.06"
"Dryopteris √óleedsii Wherry",2960,"12162.03","457.73","4743.192","39.00"
"Campylopus schimperi Milde",2749,"28954.24","214.54","11291.335","39.00"
"Isodendrion A. Gray Light",24511,"32568.88","2201.85","12684.706","38.95"
"Scutellaria alabamensis Alexander",2010,"59753.16","2569.84","23269.199","38.94"
"Calochortus indecorus Ownbey & M. Peck",2757,"32407.05","1429.18","12608.026","38.91"
"Torilis arvensis (Huds.) Link",2830,"37323.05","1820.02","14521.881","38.91"
"Scleria pauciflora Muhl. ex Willd. var. curtissii (Britton) Fairey",2232,"77027.75","2950.96","29967.138","38.90"
"Veronica prostrata L.",2659,"103373.05","3885.93","40171.870","38.86"
"Symphyotrichum falcatum (Lindl.) G.L. Nesom var. commutatum (Torr. & A. Gray) G.L. Nesom",2938,"44872.66","1293.56","17426.905","38.84"
"Miriquidica leucophaea (Fl√∂rke ex Rabenh.) Hertel & Rambold",2537,"15438.52","1652.03","5994.206","38.83"
"Typha angustifolia L.",2561,"92107.39","3263.54","35733.177","38.80"
"Eriogonum heermannii Durand & Hilg. var. heermannii",2417,"14323.51","823.64","5557.522","38.80"
"Arctostaphylos hookeri G. Don",2428,"47294.48","2645.46","18351.968","38.80"
"Heuchera cylindrica Douglas ex Hook. var. cylindrica",2725,"27493.80","925.04","10647.858","38.73"
"Ipomopsis ramosa Al Schneid. & Bregar",2212,"35796.64","2564.66","13865.066","38.73"
"Woodsia √ótryonis B. Boivin",2884,"23561.52","1002.80","9120.795","38.71"
"Rheum rhabarbarum L.",2345,"56897.40","1538.87","22013.172","38.69"
"Penstemon centranthifolius (Benth.) Benth.",2744,"17663.22","1703.46","6820.457","38.61"
"Pseudocyphellaria crocata (L.) Vain.",2661,"48029.11","2244.22","18517.541","38.55"
"Festuca subverticillata (Pers.) Alexeev",2576,"46891.39","1494.47","18078.162","38.55"
"Atriplex elegans (Moq.) D. Dietr. var. thornberi M.E. Jones",2931,"33632.59","742.97","12959.935","38.53"
"Epilobium glaberrimum Barbey ssp. glaberrimum",2352,"88998.85","4032.00","34269.851","38.51"
"Orthodontium pellucens (Hook.) Bruch & Schimp.",2595,"16802.68","14.08","6469.032","38.50"
"Phacelia calthifolia Brand",2141,"7671.69","286.05","2945.929","38.40"
"Schaefferia Jacq.",2746,"67753.95","1849.57","25943.781","38.29"
"Brunfelsia portoricensis Krug & Urb.",2663,"39253.68","2273.55","15021.304","38.27"
"Usnea cavernosa Tuck.",2163,"22040.38","659.62","8428.553","38.24"
"Catapyrenium zahlbruckneri (Hasse) J.W. Thomson",2986,"18160.93","1071.40","6933.871","38.18"
"Linum bienne Mill.",2603,"57799.98","1929.51","22069.411","38.18"
"Carex √óquebecensis Lepage",2675,"44885.14","2914.61","17133.036","38.17"
"Krascheninnikovia Guldenstaedt",2957,"45331.79","1088.64","17298.859","38.16"
"Woodwardia areolata (L.) T. Moore",2567,"42412.68","1232.32","16175.007","38.14"
"Eleocharis baldwinii (Torr.) Chapm.",2064,"36675.17","1432.18","13978.140","38.11"
"Citharexylum √óperkinsii Moldenke",2317,"45762.79","3044.64","17409.739","38.04"
"Euthamia graminifolia (L.) Nutt. var. graminifolia",2327,"23484.94","1274.86","8928.229","38.02"
"Rhynchosia cytisoides (Bertol.) Wilbur",2729,"80514.98","3951.61","30585.318","37.99"
"Helianthella californica A. Gray",2137,"16594.17","369.84","6297.734","37.95"
"Aristida longespica Poir. var. longespica",2789,"33217.52","1012.23","12592.002","37.91"
"Leersia monandra Sw.",2123,"13950.26","146.01","5287.149","37.90"
"Matricaria discoidea DC.",2254,"75958.80","2865.22","28776.627","37.88"
"Salvia longistyla Benth.",2533,"46187.62","2642.18","17477.605","37.84"
"Anulocaulis leiosolenus (Torr.) Standl. var. howardii Spellenb. & Wootten",2821,"71635.92","4251.15","27101.405","37.83"
"Eucalyptus macrocarpa Hook.",2548,"49619.44","2587.61","18696.316","37.68"
"Packera castoreus (S.L. Welsh) Kartesz",2079,"46465.07","2310.70","17493.362","37.65"
"Wikstroemia sandwicensis Meisn.",2900,"23940.91","919.44","9014.065","37.65"
"Rubus obsessus L.H. Bailey",2572,"37393.30","2870.38","14061.261","37.60"
"Diplotomma penichrum (Tuck.) Szat.",2253,"58269.82","2449.23","21852.170","37.50"
"Aphanostephus skirrhobasis (DC.) Trel. var. kidderi (S.F. Blake) B.L. Turner",2044,"18702.84","879.45","7013.565","37.50"
"Astragalus oophorus S. Watson var. caulescens (M.E. Jones) M.E. Jones",2287,"12756.98","420.02","4783.867","37.50"
"Porpidia crustulata (Ach.) Hertel & Knoph",2225,"59962.39","2098.57","22476.225","37.48"
"Gratiola pilosa Michx.",2759,"27004.15","1539.32","10111.764","37.45"
"Horkelia fusca Lindl. ssp. pseudocapitata (Rydb. ex Howell) D.D. Keck",2498,"51975.27","1278.06","19401.234","37.33"
"Heliotropium tenellum (Nutt.) Torr.",2619,"35349.47","787.48","13183.058","37.29"
"Hieracium glomeratum Froel.",2676,"28580.95","1629.55","10646.859","37.25"
"Rhachithecium Broth. ex Le Jolis",2694,"38162.17","1626.65","14206.877","37.23"
"Boltonia asteroides (L.) L'H√©r. var. asteroides",2933,"77942.08","2117.46","28984.314","37.19"
"Lecidella effugiens (Nilson) Knoph & Hertel",2485,"30696.99","1285.61","11413.034","37.18"
"Pleopeltis polypodioides (L.) Andrews & Windham",2691,"43270.17","1373.11","16062.289","37.12"
"Phacelia amabilis Constance",2736,"79419.12","2195.60","29451.764","37.08"
"Thelypteris resinifera (Desv.) Proctor",2690,"6419.53","969.00","2375.226","37.00"
"Eucalyptus nitens (H. Deane & Maiden) Maiden",2765,"35376.23","1678.33","13071.902","36.95"
"Mirabilis hirsuta (Pursh) MacMill.",2391,"60062.38","1823.26","22180.963","36.93"
"Allium vineale L. ssp. compactum (Thuill.) Coss. & Germ.",2207,"52120.56","1869.61","19228.888","36.89"
"Apiastrum angustifolium Nutt.",2540,"30466.04","1018.99","11229.766","36.86"
"Eustoma exaltatum (L.) Salisb. ex G. Don",2162,"37041.57","1608.49","13640.454","36.82"
"Vernonia √óconcinna Gleason (pro sp.)",2448,"16813.55","1217.39","6145.664","36.55"
"Melica montezumae Piper",2545,"68360.32","2775.47","24974.949","36.53"
"Lathyrus japonicus Willd. var. pubescens Hartm.",2260,"28779.84","1009.16","10499.568","36.48"
"Acacia boomanii Maiden",2811,"72231.27","2141.00","26340.832","36.47"
"Cuscuta potosina Schaffn.",2353,"39499.33","1826.46","14394.204","36.44"
"Cynoglossum virginianum L.",2944,"21131.19","1244.67","7682.784","36.36"
"Funaria hygrometrica Hedw.",2343,"35000.96","1231.94","12718.813","36.34"
"Sanguisorba minor Scop.",2790,"69539.81","3054.73","25237.408","36.29"
"Brodiaea elegans Hoover ssp. elegans",2403,"43041.75","1561.25","15597.398","36.24"
"Ipomoea tiliacea (Willd.) Choisy",2081,"15042.14","987.96","5445.012","36.20"
"Ctenitis squamigera (Hook. & Arn.) Copeland",2601,"25985.94","645.15","9377.021","36.08"
"Trisetum sibiricum Rupr.",2772,"29558.54","154.13","10659.682","36.06"
"Dermatocarpon Eschw.",2778,"53862.63","2807.65","19415.946","36.05"
"Linum austriacum L.",2049,"16454.22","942.09","5923.519","36.00"
"Astrothelium confusum M√ºll. Arg.",2208,"31327.19","871.76","11275.044","35.99"
"Perityle cinerea (A. Gray) A. Powell",2364,"25713.91","1294.36","9248.728","35.97"
"Scutellaria ovata Hill ssp. pseudoarguta Epling",2414,"20896.75","1506.44","7509.807","35.94"
"Pedicularis attollens A. Gray ssp. protogyna Pennell",2494,"41094.89","2479.47","14767.924","35.94"
"Lupinus polyphyllus Lindl. ssp. polyphyllus",2084,"8063.80","559.08","2886.840","35.80"
"Gouania hillebrandii Oliv. ex Hillebr.",2399,"24608.69","1399.34","8798.841","35.76"
"Erythronium albidum Nutt.",2935,"49252.47","1078.06","17579.994","35.69"
"Poa abbreviata R. Br. ssp. pattersonii (Vasey) √Å. L√∂ve & D. L√∂ve & Kapoor",2621,"43967.52","2420.99","15668.098","35.64"
"Trichomanes punctatum Poir.",2258,"27177.68","1847.58","9678.781","35.61"
"Scrophularia umbrosa Dumort.",2918,"34733.23","1018.31","12352.774","35.56"
"Commelina dianthifolia Delile var. dianthifolia",2086,"24680.91","466.76","8768.602","35.53"
"Physcia tenella (Scop.) DC.",2721,"40543.85","1757.79","14392.851","35.50"
"Calystegia macrostegia (Greene) Brummitt ssp. arida (Greene) Brummitt",2450,"31308.43","1491.04","11107.585","35.48"
"Spergularia canadensis (Pers.) G. Don",2145,"25865.28","1621.43","9162.292","35.42"
"Hypnum cupressiforme Hedw. var. julaceum Brid.",2441,"46479.31","2069.56","16457.750","35.41"
"Clarkia amoena (Lehm.) A. Nelson & J.F. Macbr. ssp. caurina (Abrams ex Piper) F.H. Lewis & M.E. Lewis",2308,"15374.10","920.60","5442.431","35.40"
"Baccharis neglecta Britton",2718,"49235.70","1469.41","17420.819","35.38"
"Platanus wrightii S. Watson",2042,"12894.52","1490.39","4548.839","35.28"
"Houstonia acerosa (A. Gray) A. Gray ex Benth. & Hook. f.",2564,"27343.13","1625.41","9640.671","35.26"
"Polemonium foliosissimum A. Gray var. foliosissimum",2876,"66432.43","3218.09","23413.976","35.24"
"Heterotheca oregona (Nutt.) Shinners var. oregona",2591,"59644.57","2122.35","21014.168","35.23"
"Cardamine pachystigma (S. Watson) Rollins var. pachystigma",2754,"13300.13","1337.84","4682.284","35.20"
"Salix planifolia Pursh ssp. planifolia",2248,"15144.09","957.31","5327.227","35.18"
"Schiedea nuttallii Hook.",2898,"18590.33","1104.77","6535.245","35.15"
"Gaura neomexicana Wooton ssp. neomexicana",2570,"57553.73","3007.34","20223.814","35.14"
"Bryum klinggraeffii Schimp.",2465,"27079.17","566.41","9506.652","35.11"
"Chamaesyce pergamena (Small) Small",2738,"27577.49","814.12","9674.757","35.08"
"Digitaria eriantha Steud. ssp. pentzii (Stent) Kok",2966,"9125.95","589.10","3194.082","35.00"
"Quercus √ósmallii Trel.",2434,"52836.48","2091.14","18484.566","34.98"
"Spiranthes √óitchetuckneensis P.M. Brown",2473,"45316.35","2231.16","15846.988","34.97"
"Draba oreibata J.F. Macbr. & Payson ex Payson var. serpentina Tiehm & P.K. Holmgren",2755,"29111.89","685.04","10176.902","34.96"
"Pedicularis cystopteridifolia Rydb.",2312,"16382.43","1260.23","5716.902","34.90"
"Echinochloa crus-pavonis (Kunth) Schult.",2383,"15289.62","1614.93","5332.305","34.88"
"Castilleja tenuis (A. Heller) T.I. Chuang & Heckard",2393,"29725.51","1054.96","10366.359","34.87"
"Rubus exeter L.H. Bailey",2072,"57056.18","1317.05","19866.630","34.82"
"Ivesia arizonica (Eastw. ex J.T. Howell) Ertter var. arizonica",2043,"59404.59","1583.77","20677.450","34.81"
"Quercus macrocarpa Michx.",2125,"29932.02","859.30","10410.851","34.78"
"Cladonia transcendens (Vain.) Vain.",2877,"59944.81","3201.59","20821.029","34.73"
"Sagittaria guayanensis Kunth",2384,"31613.70","1268.56","10974.053","34.71"
"Lathyrus vestitus Nutt. ssp. alefeldii (T.G. White) Broich",2014,"30889.89","980.00","10719.488","34.70"
"Selaginella arenicola Underw. ssp. riddellii (Van Eselt.) R. Tryon",2696,"47101.14","2002.01","16329.243","34.67"
"Groutiella tumidula (Mitt.) Vitt",2380,"20803.23","954.90","7209.065","34.65"
"Quercus macrocarpa Michx. - 12m",21251,"62146.23","1592.20","21523.215","34.63"
"Carex nudata W. Boott",2560,"17413.45","62.83","6025.054","34.60"
"Botrychium simplex E. Hitchc.",2495,"5269.44","954.87","1823.226","34.60"
"Saltugilia australis (H. Mason & A.D. Grant) L.A. Johnson",2816,"25631.15","1332.47","8859.593","34.57"
"Acacia holosericea A. Cunn. ex G. Don",2146,"53976.72","2342.09","18628.422","34.51"
"Achnatherum hendersonii (Vasey) Barkworth",2420,"36193.54","1429.63","12486.038","34.50"
"Calliandra humilis Benth. var. humilis",2277,"30156.53","999.30","10398.764","34.48"
"Parasenecio auriculatus (DC.) J.R. Grant",2279,"20903.22","1538.86","7203.661","34.46"
"Cyperus polystachyos Rottb. var. texensis (Torr.) Fernald",2856,"32952.83","1747.12","11339.412","34.41"
"Pilea trianthemoides (Sw.) Lindl.",2047,"28148.92","608.61","9680.739","34.39"
"Daphnopsis helleriana Urb.",2418,"57669.83","2929.98","19831.856","34.39"
"Downingia concolor Greene var. tricolor (Greene) Jeps.",2527,"33409.55","1010.18","11483.638","34.37"
"Hoffmannseggia oxycarpa Benth. ex A. Gray",2763,"28254.36","159.20","9697.577","34.32"
"Astragalus douglasii (Torr. & A. Gray) A. Gray var. douglasii",2608,"65371.87","3071.14","22419.873","34.30"
"Pleopeltis thyssanolepis (A. Braun ex Klotzsch) Andrews & Windham [excluded]",2041,"27232.35","927.03","9336.687","34.29"
"Cyperus dentoniae G. Tucker",2390,"35322.85","1542.71","12108.080","34.28"
"Ceanothus greggii A. Gray",2242,"16236.97","1574.66","5566.011","34.28"
"Lythrum maritimum Kunth",2664,"49348.33","1650.27","16902.550","34.25"
"Lagenaria Ser.",2476,"45852.68","2253.39","15696.385","34.23"
"Elymus churchii J.J.N. Campb.",2189,"42374.42","1702.89","14495.604","34.21"
"Quercus dentata Thunb.",2237,"21645.56","1700.29","7402.819","34.20"
"Boykinia aconitifolia Nutt.",2017,"49901.03","1669.83","17057.573","34.18"
"Pyrenocollema caesium (Nyl.) R.C. Harris",2673,"12400.47","1541.39","4237.238","34.17"
"Tanacetum balsamita L.",2216,"40297.95","1688.98","13765.007","34.16"
"Stachys latidens Small ex Britton",2118,"16335.09","992.19","5569.802","34.10"
"Phacelia egena (Greene ex Brand) Greene ex J.T. Howell",2460,"41075.82","2099.08","14002.679","34.09"
"Campanula glomerata L.",2239,"12411.81","750.85","4225.975","34.05"
"Polemonium eximium Greene",2785,"77301.55","3744.76","26159.151","33.84"
"Arabis fernaldiana Rollins var. fernaldiana",2610,"16229.94","286.19","5469.490","33.70"
"Ulota hutchinsiae (Sm.) Hammar var. hutchinsiae",2433,"26807.74","1465.47","9000.804","33.58"
"Tricharia cretacea Vezda",2880,"23467.56","701.69","7875.851","33.56"
"Erigeron versicolor (Greenm.) G.L. Nesom",2168,"26819.32","1627.44","8995.401","33.54"
"Quercus texana Buckley",2580,"62964.01","1711.97","21118.760","33.54"
"Ruppia L.",2943,"41852.74","1212.38","14024.664","33.51"
"Macromeria D. Don",2348,"14545.12","495.30","4872.615","33.50"
"Phemeranthus parviflorus (Nutt.) Kiger",2842,"17658.52","1134.69","5907.252","33.45"
"Cryptantha elata (Eastw.) Payson",2193,"44932.61","1287.71","14913.672","33.19"
"Pseudoleskea incurvata (Hedw.) Loeske var. gigantea (E. Lawton) H.A. Crum, Steere & L.E. Anderson",2347,"74022.92","2812.48","24541.658","33.15"
"Plantago princeps Cham. & Schltdl.",2013,"19828.76","639.89","6563.320","33.10"
"Triteleia versicolor Hoover",2642,"26676.19","1996.08","8815.887","33.05"
"Prunus subcordata Benth. var. kelloggii Lemmon",2462,"73406.94","3753.28","24232.563","33.01"
"Gigantochloa Kurz ex Munro",2349,"18875.02","969.00","6228.757","33.00"
"Monarda citriodora Cerv. ex Lag. ssp. austromontana (Epling) Scora",2486,"38130.37","1057.61","12568.986","32.96"
"Thinopyrum √Å. L√∂ve",2930,"33215.25","2380.41","10911.738","32.85"
"Lecanora muralis (Schreb.) Rabenh. var. versicolor (Pers.) Tuck.",2697,"78642.27","3305.68","25805.845","32.81"
"Eriocaulon microcephalum Kunth",2798,"24238.58","1008.82","7947.344","32.79"
"Lonicera √óheckrottii Rehder",2427,"56988.33","2320.10","18679.015","32.78"
"Serjania polyphylla (L.) Radlk.",2071,"21879.13","1294.01","7131.873","32.60"
"Mentzelia hirsutissima S. Watson",2388,"59009.65","3075.57","19131.945","32.42"
"Ardisia Sw.",2526,"33012.16","1189.01","10694.559","32.40"
"Sclerocactus parviflorus Clover & Jotter",2796,"5038.40","331.35","1632.442","32.40"
"Erigeron strigosus Muhl. ex Willd. var. septentrionalis (Fernald & Wiegand) Fernald",2654,"27928.66","1348.68","9034.561","32.35"
"Poeltinula cerebrina (DC.) Hafellner",2645,"22589.05","766.90","7293.909","32.29"
"Mitella caulescens Nutt.",2788,"46976.96","1525.85","15122.192","32.19"
"Carex capitata L. ssp. arctogena (Harry Sm.) Hiitonen",2149,"38299.61","1804.58","12305.736","32.13"
"Simmondsia chinensis (Link) C.K. Schneid.",2455,"29237.89","1030.09","9380.047","32.08"
"Cottea Kunth",2217,"13756.73","1563.53","4408.637","32.05"
"Dryopteris unidentata (Hook. & Arn.) C. Chr.",2586,"33344.49","1439.58","10676.875","32.02"
"Carex √ózahnii Kneucker",2753,"37267.27","1312.10","11932.617","32.02"
"Huperzia selago (L.) Bernh. ex Schrank & Mart. var. densa Trevis.",2324,"51224.88","2474.29","16384.873","31.99"
"Lithospermum multiflorum Torr. ex A. Gray",2520,"34004.33","1571.10","10845.471","31.89"
"Sagina subulata (Sw.) C. Presl",2057,"61795.93","1850.87","19683.249","31.85"
"Atriplex cuneata A. Nelson ssp. cuneata",2896,"34850.21","2052.88","11093.253","31.83"
"Rhamnus arguta Maxim.",2760,"33257.41","1403.57","10577.605","31.81"
"Sporobolus R. Br.",2267,"48629.10","4056.69","15392.394","31.65"
"Tetraplasandra flynnii Lowry & K.R. Wood",2333,"39727.76","2089.10","12567.228","31.63"
"Aniba bracteata (Nees) Mez",2148,"10270.76","252.71","3245.560","31.60"
"Hassea bacillosa (Nyl.) Zahlbr.",2406,"31602.43","927.69","9973.224","31.56"
"Panicum dichotomiflorum Michx. var. puritanorum Svens.",2303,"39707.54","179.62","12529.488","31.55"
"Symphyotrichum walteri (Alexander) G.L. Nesom",2914,"33997.48","1548.72","10721.987","31.54"
"Arctostaphylos stanfordiana Parry",2831,"33701.19","1726.45","10617.994","31.51"
"Fritillaria liliacea Lindl.",2338,"28766.16","1007.98","9064.143","31.51"
"Phragmites australis (Cav.) Trin. ex Steud. ssp. americanus Saltonst., P.M. Peterson & Soreng",2025,"32236.32","928.29","10155.132","31.50"
"Marattia laevis Sm.",2804,"30169.25","718.96","9499.917","31.49"
"Muilla S. Watson ex Benth.",2555,"55416.38","1988.65","17422.986","31.44"
"Schiedeella Schltr.",2474,"37530.24","795.62","11799.418","31.44"
"Passiflora princeps Lodd.",2684,"40372.29","861.84","12664.653","31.37"
"Lophiola aurea Ker Gawl.",2360,"28206.23","1172.08","8842.804","31.35"
"Phacelia ramosissima Douglas ex Lehm. var. subglabra M. Peck",2115,"24656.06","236.12","7728.340","31.34"
"Rubus bushii L.H. Bailey",2127,"43811.78","2388.95","13724.052","31.33"
"Helianthus occidentalis Riddell",2316,"17455.98","1130.99","5466.857","31.32"
"Rubus audax L.H. Bailey",2851,"27086.16","1752.52","8481.779","31.31"
"Myosurus cupulatus S. Watson",2039,"28385.89","1265.94","8882.461","31.29"
"Astragalus obcordatus Elliott",2332,"52515.07","1700.90","16415.966","31.26"
"Perityle rupestris (A. Gray) Shinners var. rupestris",2483,"26954.42","862.23","8422.334","31.25"
"Prenanthes √ómainensis A. Gray (pro sp.)",2681,"52990.83","2232.23","16555.420","31.24"
"Ranunculus coloradensis (L.D. Benson) L.D. Benson",2202,"53178.94","1693.35","16543.814","31.11"
"Euphorbia aaron-rossii A.H. Holmgren & N.H. Holmgren",2524,"14452.09","818.61","4494.600","31.10"
"Wullschlaegelia Rchb. f.",2972,"27509.58","2893.05","8527.471","31.00"
"Parmotrema endosulphureum (Hillm.) Hale",2615,"45339.01","1135.19","14027.397","30.94"
"Sanchezia speciosa Leonard",2770,"28710.85","1544.23","8882.851","30.94"
"Silene tayloriae (B.L. Rob.) Hult√©n",2624,"24742.72","1545.76","7642.985","30.89"
"Lotus nevadensis (S. Watson) Greene var. davidsonii (Greene) Isely",2240,"36385.69","1491.48","11216.058","30.83"
"Aplectrum hyemale (Muhl. ex Willd.) Torr.",2004,"10251.46","343.96","3157.450","30.80"
"Heterocyphelium Vain.",2423,"30372.41","1169.57","9337.505","30.74"
"Dicranum majus Sm.",2251,"8996.04","195.39","2761.784","30.70"
"Brassica juncea (L.) Czern.",2119,"25784.66","1169.00","7909.824","30.68"
"Calliergon macounii Karcz. Iixo",2516,"41259.29","1715.79","12653.098","30.67"
"Astragalus praelongus Sheldon var. lonchopus Barneby",2834,"72709.55","3174.30","22277.576","30.64"
"Solidago altissima L.",2143,"44882.09","2179.20","13701.000","30.53"
"Marah fabaceus (Naud.) Naud. ex Greene",2138,"18402.73","1314.32","5610.135","30.49"
"Conardia compacta (M√ºll. Hal.) H. Rob.",2206,"85774.10","3842.15","26132.576","30.47"
"Lechea sessiliflora Raf.",2639,"52694.71","1049.42","15985.632","30.34"
"Aniba Aubl.",2027,"34758.99","1326.23","10543.386","30.33"
"Hypoxis sessilis L.",2355,"28047.28","1847.31","8495.423","30.29"
"Rinodina milvina (Wahlenb.) Th. Fr. South Americas",27061,"29717.55","1648.27","8991.939","30.26"
"Rorippa curvisiliqua (Hook.) Besser ex Britton var. lyrata (Nutt.) M. Peck ex C.L. Hitchc.",2514,"18005.06","1031.94","5431.962","30.17"
"Senecio crassulus A. Gray",2865,"21314.20","1393.78","6412.427","30.09"
"Cooperia jonesii Cory",2457,"52724.63","958.42","15817.352","30.00"
"Hedysarum boreale Nutt. ssp. boreale",2895,"39962.32","2259.79","11984.896","29.99"
"Theobroma angustifolium Moc. & Sess√© ex DC.",2863,"33573.36","822.90","10068.136","29.99"
"Thelypodium wrightii A. Gray",2970,"5929.10","284.75","1772.801","29.90"
"Origanum L.",2594,"10503.35","417.80","3140.502","29.90"
"Ligustrum L.",2657,"38701.90","961.48","11553.673","29.85"
"Heuchera chlorantha Piper",2848,"62112.21","2323.17","18466.971","29.73"
"Quercus √ófernowii Trel.",2313,"28400.88","1209.50","8438.992","29.71"
"Rudbeckia scabrifolia L.E. Brown",2724,"39840.72","936.58","11832.976","29.70"
"Pinus massoniana Lamb.",2177,"14092.17","297.57","4185.374","29.70"
"Eriastrum sapphirinum (Eastw.) H. Mason",2741,"21819.21","1523.18","6466.658","29.64"
"Dioscorea dumetorum (Kunth) Pax",2089,"57970.73","2383.34","17179.729","29.64"
"Iris √ónelsonii Randolph",2002,"22281.69","1154.12","6598.876","29.62"
"Polygonatum pubescens (Willd.) Pursh",2396,"32448.27","1018.79","9571.400","29.50"
"Penstemon davidsonii Greene var. menziesii (D.D. Keck) Cronquist",2530,"53240.76","1697.94","15687.037","29.46"
"Eriogonum umbellatum Torr. var. modocense (Greene) S. Stokes",2840,"80564.10","4094.49","23728.444","29.45"
"Veronica persica Poir.",2087,"35187.35","1937.88","10351.421","29.42"
"Carex petricosa Dewey var. misandroides (Fernald) B. Boivin",2714,"32342.98","1830.96","9458.924","29.25"
"Anulocaulis leiosolenus (Torr.) Standl. var. howardii Spellenb. & Wootten Africa",28211,"11069.63","982.49","3232.332","29.20"
"Castilleja pilosa (S. Watson) Rydb.",2616,"43180.80","1824.16","12606.062","29.19"
"Cuscuta epithymum (L.) L.",2195,"31495.34","1846.25","9171.037","29.12"
"Senna lindheimeriana (Scheele) Irwin & Barneby",2902,"10908.86","449.96","3174.478","29.10"
"Peperomia maxonii C. DC.",2528,"52158.30","2663.94","15159.487","29.06"
"Rubus trux Ashe",2505,"12687.29","1364.45","3686.600","29.06"
"Quercus √óhowellii Tucker",2437,"49322.40","1253.59","14328.786","29.05"
"Lecanora bicincta Ramond",2702,"23885.97","649.92","6938.440","29.05"
"Saxifraga nelsoniana D. Don ssp. cascadensis (Calder & Savile) Hult√©n",2413,"25510.94","206.98","7411.418","29.05"
"Lycium puberulum A. Gray",2262,"19636.12","1650.44","5693.307","28.99"
"Isoetes melanospora Engelm.",2098,"37462.18","904.74","10842.714","28.94"
"Chenopodium berlandieri Moq. var. macrocalycium (Aellen) Cronquist",2644,"26409.67","694.43","7635.066","28.91"
"Haematoxylum L.",2386,"5436.14","941.53","1571.044","28.90"
"Rubus mundus L.H. Bailey",2583,"49526.38","1408.81","14291.804","28.86"
"Parmotrema internexum (Nyl.) Hale",2614,"20222.52","1533.44","5830.963","28.83"
"Cyclopeltis semicordata (Sw.) J. Sm.",2491,"42889.62","1670.17","12357.311","28.81"
"Quercus gravesii Sudw.",2187,"12676.85","993.56","3650.933","28.80"
"Eragrostis lugens Nees",2551,"76231.72","2899.43","21942.481","28.78"
"Gentiana saponaria L. var. latidens House",2404,"28018.58","1313.75","8037.283","28.69"
"Trifolium rollinsii J.M. Gillett",2717,"27170.85","691.55","7726.409","28.44"
"Pleurothallis domingensis Cogn.",2381,"93576.82","2258.38","26598.989","28.42"
"Hackelia hispida (A. Gray) I.M. Johnst. var. hispida",2768,"21062.89","1032.05","5984.417","28.41"
"Arctostaphylos glandulosa Eastw. ssp. glaucomollis P.V. Wells",2282,"40309.34","921.93","11443.013","28.39"
"Lomatium caruifolium (Hook. & Arn.) J.M. Coult. & Rose var. denticulatum (Jeps.) Jeps.",2016,"20395.74","700.68","5724.766","28.07"
"Sisyrinchium rosulatum E.P. Bicknell",2028,"83366.99","3621.63","23396.675","28.06"
"Penstemon parryi (A. Gray) A. Gray",2617,"36251.22","1651.35","10154.759","28.01"
"Eriogonum gracile Benth.",2787,"31048.58","880.75","8689.346","27.99"
"Crotalaria alata Buch.-Ham. ex D. Don",2680,"21617.58","1218.68","6048.974","27.98"
"Crataegus okennonii Phipps",2581,"40798.37","1827.73","11340.992","27.80"
"Senecio fremontii Torr. & A. Gray var. occidentalis A. Gray",2276,"33644.92","958.13","9335.457","27.75"
"Potentilla hippiana Lehm.",2965,"80009.40","2474.12","22196.768","27.74"
"Homaliadelphus Dix. & P. Varde",2426,"22445.41","853.73","6218.503","27.71"
"Acer pseudoplatanus L.",2847,"16900.15","991.74","4664.441","27.60"
"Tamarix dioica Roxb. ex Roth",2850,"65243.27","2432.50","17965.592","27.54"
"Gentianella wislizeni (Engelm.) J.M. Gillett",2181,"24288.54","778.47","6677.082","27.49"
"Thysanocarpus Hook.",2341,"28146.85","400.33","7728.334","27.46"
"Ribes divaricatum Douglas",2829,"35326.08","978.47","9635.300","27.28"
"Luculia intermedia Hutch.",2985,"41741.59","2364.17","11362.198","27.22"
"Panicum beecheyi Hook. & Arn.",2713,"21350.02","1416.41","5807.837","27.20"
"Galium serpenticum Dempster ssp. puberulum (Piper) Dempster & Ehrend.",2447,"33257.52","845.66","9040.256","27.18"
"Plagiobothrys jonesii A. Gray",2541,"32692.29","1240.15","8837.837","27.03"
"Anthracothecium Hampe ex A. Massal.",2032,"32687.34","1566.17","8812.269","26.96"
"Hymenoclea monogyra Torr. & A. Gray",2780,"45436.13","2797.10","12243.021","26.95"
"Dryobalanops C.F. Gaertn.",2142,"10653.26","501.39","2865.727","26.90"
"Bartramiopsis Kindb.",2070,"45698.12","907.63","12292.887","26.90"
"Camellia sinensis (L.) Kuntze var. sinensis",2854,"25618.21","910.89","6864.765","26.80"
"Dendropanax laurifolius (Marchal ex Urb.) R.C. Schneid.",2607,"20227.80","610.07","5406.876","26.73"
"Pennisetum petiolare (Hochst.) Chiov.",2629,"41063.73","739.82","10959.469","26.69"
"Holocarpha obconica (J.C. Clausen & D.D. Keck) D.D. Keck ssp. obconica",2737,"30147.53","1167.23","7991.927","26.51"
"Graphis dumastioides Fink",2750,"40404.96","2165.61","10712.573","26.51"
"Vaccinium √ómargarettiae Ashe (pro sp.)",2103,"21385.09","625.72","5662.091","26.48"
"Eriastrum luteum (Benth.) H. Mason",2980,"63665.77","2434.61","16825.816","26.43"
"Cladonia gracilis (L.) Willd. ssp. gracilis",2230,"59905.58","2657.90","15825.172","26.42"
"Ipomoea wrightii A. Gray",2969,"36660.86","839.10","9679.524","26.40"
"Flindersia brayleyana F. Muell.",2677,"16853.74","693.22","4449.387","26.40"
"Quercus wislizeni A. DC. var. wislizeni",2446,"19454.25","679.84","5135.922","26.40"
"Gentianella amarella (L.) B√∂rner",2055,"14322.76","1324.73","3779.616","26.39"
"Avicennia germinans (L.) L.",2093,"31368.00","1574.84","8238.112","26.26"
"Lotus crassifolius (Benth.) Greene var. crassifolius",2083,"41359.68","1864.45","10846.051","26.22"
"Lobelia √óspeciosa Sweet var. speciosa",2503,"30707.61","1559.11","8042.509","26.19"
"Helenium amarum (Raf.) H. Rock var. badium (A. Gray ex S. Watson) Waterf.",2807,"37461.46","1099.48","9801.072","26.16"
"Spiraea corymbosa Raf.",2767,"42764.32","448.43","11182.865","26.15"
"Crataegus √óimmanis Ashe (pro sp.)",2411,"13208.48","469.50","3447.413","26.10"
"Sairocarpus elmeri (Rothm.) D.A. Sutton",2295,"45253.80","1920.73","11682.315","25.82"
"Saxifraga caespitosa L. ssp. subgemmifera Engl. & Irmsch.",2887,"30769.98","1238.66","7923.986","25.75"
"Trifolium longipes Nutt. ssp. longipes",2504,"27567.19","469.58","7092.355","25.73"
"Oncoba Forssk.",2584,"5954.00","732.23","1524.224","25.60"
"Viola pubescens Aiton",2265,"12312.28","1611.64","3148.225","25.57"
"Lepidium austrinum Small",2818,"26305.98","2027.49","6715.463","25.53"
"Leptospermum morrisonii J. Thomp.",2480,"68724.25","2739.63","17528.963","25.51"
"Dichanthelium boscii (Poir.) Gould & C.A. Clark",2111,"64407.50","1811.51","16416.480","25.49"
"Ammoselinum giganteum J.M. Coult. & Rose",2926,"21259.70","906.91","5403.124","25.41"
"Centaurea uniflora Turra ssp. nervosa (Willd.) Bonnier & Layens",2779,"84093.62","3684.89","21352.472","25.39"
"Punctelia subrudecta (Nyl.) Krog",2666,"15792.97","454.04","3995.621","25.30"
"Harrisia martinii (Labour.) Britton",2546,"9321.89","897.19","2358.438","25.30"
"Castilleja affinis Hook. & Arn. ssp. affinis",2198,"29684.30","319.73","7503.377","25.28"
"Ruellia caerulea Morong",2117,"24595.30","1324.89","6214.157","25.27"
"Trifolium canescens Willd.",2367,"24005.74","1181.65","6063.436","25.26"
"Oryza glaberrima Steud.",2006,"27907.14","1130.24","6982.937","25.02"
"Linum elongatum (Small) Winkl.",2479,"12986.68","239.36","3233.683","24.90"
"Lupinus adsurgens E. Drew var. adsurgens",2266,"13038.85","105.95","3233.635","24.80"
"Penstemon fruticosus (Pursh) Greene var. scouleri (Lindl.) Cronquist",2500,"58208.08","2218.09","14406.426","24.75"
"Lonicera involucrata (Richardson) Banks ex Spreng. var. involucrata",2890,"25886.43","930.75","6384.104","24.66"
"Schismatomma rappii (Zahlbr.) R.C. Harris",2679,"40665.35","2306.76","9999.572","24.59"
"Atriplex cuneata A. Nelson",2897,"22490.79","804.03","5527.569","24.58"
"Graphis elegans (Borrer ex Sm.) Ach.",2292,"24510.91","901.63","6003.516","24.49"
"Rinodina milvina (Wahlenb.) Th. Fr.",2706,"46950.32","1872.84","11445.627","24.38"
"Setaria palmifolia (J. Koenig) Stapf",2605,"33284.21","862.63","8107.998","24.36"
"Allium cernuum Roth var. neomexicanum (Rydb.) J.F. Macbr.",2569,"13831.29","679.92","3361.003","24.30"
"Phlox drummondii Hook.",2031,"27691.74","906.86","6726.825","24.29"
"Hedyotis schlechtendahliana Steud. ssp. waimeae (Wawra) W.L. Wagner & Lorence",2468,"14293.47","1244.06","3454.944","24.17"
"Citrus limetta Risso",2088,"23117.54","476.35","5570.926","24.10"
"Lewisia cotyledon (S. Watson) B.L. Rob. var. heckneri (Morton) Munz",2415,"5787.03","895.48","1394.674","24.10"
"Rorippa globosa (Turcz. ex Fisch. & C.A. Mey.) Hayek",2354,"34416.25","1437.42","8275.083","24.04"
"Sicyos herbstii (H. St. John) Telford",2422,"58189.69","1418.61","13973.257","24.01"
"Hibiscadelphus woodii D.H. Lorence & W.L. Wagner",2959,"18299.94","212.97","4391.986","24.00"
"Lathyrus lanszwertii Kellogg var. brownii (Eastw.) Jeps.",2120,"20858.14","1318.89","4967.100","23.81"
"Parmelinopsis spumosa (Asah.) Elix & Hale",2611,"27728.18","1838.57","6588.417","23.76"
"Agave L.",2008,"29092.16","1056.64","6871.838","23.62"
"Salix arctica Pall.",2036,"32673.10","1553.40","7717.557","23.62"
"Pyrenopsis fuscoatra Fink",2674,"19383.11","560.32","4574.414","23.60"
"Malus sargentii Rehder",2742,"21725.73","1031.77","5114.429","23.54"
"Corallorhiza odontorhiza (Willd.) Poir. var. odontorhiza",2054,"47761.74","1336.71","11218.146","23.49"
"Chamaecytisus Link",2165,"22122.54","1231.21","5184.226","23.43"
"Crataegus distincta Kruschke",2255,"31888.79","1266.35","7465.810","23.41"
"Monotropa hypopitys L.",2640,"31090.73","1064.14","7220.955","23.23"
"Setaria nigrirostris (Nees) T. Dur. & Schinz",2091,"22452.75","813.64","5203.176","23.17"
"Bartramidula Bruch & Schimp.",2069,"16620.23","306.29","3822.653","23.00"
"Lycopodium hickeyi W.H. Wagner, Beitel & Moran",2625,"43424.40","1427.72","9976.575","22.97"
"Eriogonum pendulum S. Watson",2912,"26713.96","326.91","6081.515","22.77"
"Garrya ovata Benth.",2288,"28972.44","1152.02","6592.131","22.75"
"Potentilla glandulosa Lindl. ssp. hansenii (Greene) D.D. Keck",2402,"6653.53","283.44","1503.698","22.60"
"Nectandra coriacea (Sw.) Griseb.",2478,"31448.86","1363.20","7097.586","22.57"
"Talinum gooddingii P. Wilson",2361,"24375.60","1161.98","5464.976","22.42"
"Canbya Parry ex A. Gray",2672,"37618.03","1729.99","8417.504","22.38"
"Thunbergia alata Bojer ex Sims",2096,"9517.74","459.22","2122.456","22.30"
"Erigeron engelmannii A. Nelson var. engelmannii",2298,"17905.87","260.10","3993.009","22.30"
"Anthoceros adscendens Lehm. & Lindenb.",2431,"14115.51","1195.87","3138.261","22.23"
"Pisonia brunoniana Endl.",2052,"10023.42","565.15","2225.199","22.20"
"Epilobium brachycarpum C. Presl",2849,"25201.63","715.11","5562.075","22.07"
"Chamaecrista glandulosa (L.) Greene var. glandulosa",2453,"46211.59","1575.91","10136.346","21.93"
"Copaifera L.",2211,"21192.54","1125.74","4620.359","21.80"
"Hassea Zahlbr.",2405,"18054.65","969.31","3899.804","21.60"
"Rhynchosia michauxii Vail",2536,"14527.67","404.30","3108.921","21.40"
"Heliconia deflexa G.S. Daniels & F.G. Stiles",2946,"35822.24","2591.57","7641.360","21.33"
"Artocarpus altilis (Parkinson) Fosberg",2116,"33386.60","1195.71","7093.677","21.25"
"Carex striata Michx. var. brevis L.H. Bailey",2915,"17628.87","1306.24","3729.222","21.15"
"Puccinellia groenlandica T.J. S√∏rensen",2375,"18536.43","470.83","3855.577","20.80"
"Deinandra corymbosa (DC.) B.G. Baldw.",2200,"25135.50","1221.58","5143.344","20.46"
"Downingia montana Greene",2775,"11752.01","1160.20","2387.784","20.32"
"Brachythecium campestre (M√ºll. Hal.) Schimp.",2114,"5220.87","98.71","1054.616","20.20"
"Cladium mariscoides (Muhl.) Torr.",2805,"18994.46","437.76","3779.898","19.90"
"Lotus benthamii Greene",2082,"40489.92","2414.86","8055.910","19.90"
"Ivesia lycopodioides A. Gray",2197,"47134.35","1016.89","9335.695","19.81"
"Baptisia australis (L.) R. Br. var. aberrans (Larisey) M. Mendenhall",2102,"19374.18","416.14","3816.713","19.70"
"Deinandra minthornii (Jeps.) B.G. Baldw.",2740,"21201.03","526.09","4155.161","19.60"
"Isothecium alopecuroides (Dubois) Isov.",2452,"16508.49","232.58","3219.156","19.50"
"Elytraria caroliniensis (J.F. Gmel.) Pers. var. angustifolia (Fernald) S.F. Blake",2156,"29929.03","881.77","5799.246","19.38"
"Yucca pallida McKelvey",2891,"44487.90","1657.07","8607.347","19.35"
"Plagiobothrys parishii I.M. Johnst. F21",26091,"43065.16","1734.83","8278.036","19.22"
"Adenostoma fasciculatum Hook. & Arn. var. obtusifolium S. Watson",2166,"18672.27","327.21","3585.076","19.20"
"Acicarpha tribuloides Juss.",2517,"57731.22","2415.91","11083.128","19.20"
"Rinodina lepida (Nyl.) M√ºll. Arg.",2707,"35101.15","1813.99","6707.545","19.11"
"Aralia L.",2823,"26832.44","1631.00","5105.812","19.03"
"Silene scaposa B.L. Rob. var. scaposa",2100,"25243.58","478.62","4800.900","19.02"
"Crotalaria biflora L.",2892,"29032.36","1376.42","5514.529","18.99"
"Mycoporum pycnocarpoides M√ºll. Arg.",2559,"18683.34","250.60","3531.151","18.90"
"Silene nuda (S. Watson) C.L. Hitchc. & Maguire ssp. nuda",2924,"17123.72","883.31","3236.383","18.90"
"Viola lanceolata L. ssp. lanceolata",2107,"51166.12","1383.41","9651.513","18.86"
"Penstemon subglaber Rydb.",2802,"32523.08","1027.08","6120.705","18.82"
"Virola theiodora (Spruce ex Benth.) Warb.",2908,"18021.92","839.50","3370.099","18.70"
"Iris pumila L.",2274,"28076.34","1309.12","5245.562","18.68"
"Pseuderanthemum variabile (R. Br.) Radlk.",2574,"26884.02","1552.47","4838.939","18.00"
"Molendoa hornschuchiana (Hook.) Lindb. ex Limpr.",2430,"29613.59","625.39","5196.666","17.55"
"Hackelia pinetorum (Greene ex A. Gray) I.M. Johnst. var. pinetorum",2502,"23636.67","817.17","4115.860","17.41"
"Trichostomum sinaloense (E.B. Bartram) R.H. Zander",2882,"52671.59","2255.40","9098.436","17.27"
"Carex kraliana Naczi & Bryson",2469,"31759.48","833.11","5444.743","17.14"
"Solidago hispida Muhl. ex Willd. var. hispida",2392,"19546.94","799.97","3342.527","17.10"
"Woodwardia radicans (L.) J. Sm.",2719,"17985.87","1694.59","3067.386","17.05"
"Symphoricarpos orbiculatus Moench",2213,"18294.98","791.92","3110.147","17.00"
"Symplocos lanata Krug & Urb.",2575,"11701.06","578.35","1965.778","16.80"
"Adenophorus hymenophylloides (Kaulf.) Hook. & Grev.",2321,"9903.01","582.44","1653.803","16.70"
"Gyalecta erythrozona Lettau",2252,"31284.52","585.22","5201.814","16.63"
"Eurybia radula (Aiton) G.L. Nesom",2509,"37374.54","2140.53","5818.025","15.57"
"Tricardia Torr. ex S. Watson",2879,"26966.90","1209.39","4186.349","15.52"
"Miriquidica Hertel & Rambold",2538,"6379.51","837.47","969.686","15.20"
"Lecanora boligera (Norman ex Th. Fr.) Hedl.",2701,"9335.98","285.97","1419.069","15.20"
"Aquilegia jonesii Parry var. jonesii",2456,"25736.28","814.55","3882.345","15.09"
"Thaumatococcus Benth.",2861,"20265.02","601.82","2971.478","14.66"
"Hesperaloe parviflora (Torr.) J.M. Coult.",2685,"46896.96","1536.84","6580.036","14.03"
"Sonchus arvensis L.",2320,"11712.15","24.25","1639.701","14.00"
"Chasmanthium latifolium (Michx.) Yates",2444,"10458.71","326.72","1422.385","13.60"
"Cladonia humilis (With.) J.R. Laundon",2229,"11358.94","645.41","1488.021","13.10"
"Sphaeralcea coccinea (Nutt.) Rydb. ssp. coccinea",2745,"7056.46","552.36","917.340","13.00"
"Solidago ulmifolia Muhl. ex Willd. var. microphylla A. Gray",2296,"24637.58","1408.13","3100.441","12.58"
"Prosthechea cochleata (L.) W.E. Higgins var. cochleata",2191,"22818.38","1112.11","2797.004","12.26"
"Linaria spartea (L.) Chaz.",2065,"16059.72","569.67","1943.226","12.10"
"Consolida regalis Gray",2728,"15355.08","354.40","1781.189","11.60"
"Tephrosia florida (F.G. Dietr.) C.E. Wood",2330,"10248.24","859.81","1168.299","11.40"
"Proboscidea althaeifolia (Benth.) Decne.",2245,"11955.20","418.16","1350.938","11.30"
"Eriophyllum lanatum (Pursh) Forbes var. hallii Constance",2401,"7301.22","229.21","803.134","11.00"
"Flyriella parryi (A. Gray) R.M. King & H. Rob.",2184,"15733.39","666.90","1714.940","10.90"
"Leptochloa panicoides (J. Presl) Hitchc.",2022,"13889.24","192.09","1500.038","10.80"
"Tripsacum floridanum Porter ex Vasey",2329,"19060.38","158.62","2058.521","10.80"
"Alyssum simplex Rudolphi",2020,"7774.79","309.76","808.578","10.40"
"Punctelia perreticulata (Rasanen) G. Wilh. & Ladd",2667,"10112.70","703.38","1041.608","10.30"
